Family,Category
Belt Drive,Idler Pulley
Body & Lamp Assembly,Outside Door Handle
Brake & Wheel Hub,Brake Hose
Brake & Wheel Hub,Caliper Repair Kit
Brake & Wheel Hub,Master Cylinder
Brake & Wheel Hub,Rotor
Brake & Wheel Hub,Wheel Bearing
Brake & Wheel Hub,Wheel Bearing & Hub
Brake & Wheel Hub,Wheel Hub
Cooling System,Coolant Filler Neck
Cooling System,Coolant Hose / Pipe
Cooling System,Coolant Hose Connector / Flange
Cooling System,Coolant Reservoir
Cooling System,Radiator Fan Assembly
Cooling System,Radiator Inlet / Outlet Tank
Cooling System,Temperature Sender / Sensor
Cooling System,Thermostat
Cooling System,Thermostat Housing / Water Outlet
Cooling System,Water Pump
Drivetrain,Universal Joint
Electrical,Speed Sensor
Electrical-Switch & Relay,Blower Motor Relay
Electrical-Switch & Relay,Brake Light Switch
Electrical-Switch & Relay,Ignition Starter Switch
Engine,Crankshaft Seal
Engine,Cylinder Head Gasket
Engine,Harmonic Balancer
Engine,Intake Manifold Gasket
Engine,Intake Plenum Gasket
Engine,Motor Mount
Engine,Oil Filter
Engine,Oil Temperature Sender
Engine,Torque Strut Mount
Engine,Valve Cover
Engine,Valve Cover Gasket
Engine,Variable Valve Timing (VVT) Solenoid / Actuator
Exhaust & Emission,Exhaust Manifold Gasket
Exhaust & Emission,Knock / Detonation Sensor
Exhaust & Emission,Manifold Pressure (MAP) Sensor
Exhaust & Emission,Mass Air Flow (MAF) Sensor
Exhaust & Emission,Pipe Flange Gasket / Seal
Exhaust & Emission,Positive Crankcase Ventilation (PCV) Valve
Fuel & Air,Air Filter
Fuel & Air,Fuel Filter
Fuel & Air,Fuel Injection Pressure Regulator
Fuel & Air,Fuel Injector
Fuel & Air,Fuel Pump
Fuel & Air,Fuel Pump & Housing Assembly
Heat & Air Conditioning,Blower Motor
Heat & Air Conditioning,Cabin Air Filter
Heat & Air Conditioning,Heater Hose
Ignition,Camshaft Position Sensor
Ignition,Crankshaft Position Sensor
Interior,Accelerator Cable
Steering,Rack and Pinion Bellow
Steering,Tie Rod End
Suspension,Ball Joint
Suspension,Control Arm
Suspension,Control Arm Bushing
Suspension,Shock / Strut
Suspension,Shock / Strut Mount
Suspension,Sway Bar Bushing
Suspension,Sway Bar Link
Transmission-Automatic,Transmission Mount
Transmission-Manual,Clutch Master Cylinder
Transmission-Manual,Shift Cable
